{
  "urls": [
    "sounds.mp3",
    "sounds.wav"
  ],
  "sprite": {
    "JPWin": [
      0,
      11202.244897959183
    ],
    "_mac_fix": [
      12100,
      2992.086167800453
    ],
    "big win_ END": [
      15200,
      6000
    ],
    "big_win": [
      21300,
      14769.251700680268
    ],
    "btn paytable close": [
      36400,
      100.00000000000142
    ],
    "btn paytable open": [
      37500,
      91.17913832199775
    ],
    "btn_any": [
      38600,
      82.06349206349017
    ],
    "btn_over": [
      39700,
      108.4353741496571
    ],
    "btn_start": [
      40800,
      889.4784580498865
    ],
    "intro_2": [
      41900,
      1750
    ],
    "intro_open_1": [
      44000,
      4687.505668934243
    ],
    "intro_open_2": [
      49100,
      3500
    ],
    "leaf_information": [
      53200,
      159.9999999999966
    ],
    "main_diamond_blitz_down": [
      54300,
      113898.32199546485
    ],
    "quickStop": [
      168400,
      678.5714285714164
    ],
    "reelSpin": [
      169500,
      1190.5668934240339
    ],
    "reel_stop": [
      171600,
      437.93650793651295
    ],
    "show win line": [
      172700,
      2325.0113378684887
    ],
    "t_btn_any": [
      175799.99999999997,
      889.4784580498936
    ],
    "t_win": [
      176899.99999999997,
      12777.346938775509
    ],
    "t_win_END": [
      189999.99999999997,
      4932.426303854868
    ],
    "take-take": [
      195099.99999999997,
      911.3832199546437
    ],
    "wild drop1": [
      196199.99999999997,
      1542.0634920635052
    ],
    "wild drop2": [
      198299.99999999997,
      1500
    ],
    "wild drop3": [
      200399.99999999997,
      2243.5147392290273
    ],
    "wild passing on reels": [
      203499.99999999997,
      1268.4353741496466
    ],
    "win2balance": [
      205599.99999999997,
      1415.8956916099896
    ],
    "win_line_all": [
      207700,
      1650.0000000000057
    ]
  }
}